<?xml version="1.0" encoding="utf-8"?>
<modification>
    <name>Related Variant</name>
    <version>2.3</version>
    <author>REDS</author>
    <link>fbn.github.io</link>
    <code>reds-related-variants</code>
    
  <file path="admin/view/template/catalog/product_form.tpl">
    <operation>
			<search><![CDATA[
				<div class="tab-pane" id="tab-attribute">
			]]></search>
				<add position="before" offset="1"><![CDATA[
				<div class="form-group">
						<label class="col-sm-2 control-label" for="input-related-variant"><?php echo $entry_related_variant_type; ?></label>
						<div class="col-sm-10">
							<select name="related_variant_id" id="input-related-variant" class="form-control">
								<option value="" <?php if(!$related_variant_id) echo 'selected="selected"'?> >&nbsp;</option>
								<?php foreach ($related_variants as $rv) { ?>
									<?php if ($rv['related_variant_id'] == $related_variant_id) { ?>
										<option value="<?php echo $rv['related_variant_id']; ?>" selected="selected"><?php echo $rv['title']; ?></option>
									<?php } else { ?>
										<option value="<?php echo $rv['related_variant_id']; ?>"><?php echo $rv['title']; ?></option>
									<?php } ?>
								<?php } ?>
							</select>
						</div>
				</div>
				<div class="form-group">
						<label class="col-sm-2 control-label" for="input-related-variant"><span data-toggle="tooltip" title="<?php echo $help_related_variant; ?>"><?php echo $entry_related_variant; ?></span></label>
						<div class="col-sm-10">
							<input type="text" name="related_variant" value="" placeholder="<?php echo $entry_related_variant; ?>" id="input-related-variant" class="form-control" />
							<div id="product-related-variant" class="well well-sm" style="height: 150px; overflow: auto;">
								<?php foreach ($product_related_variants as $product_related_variant) { ?>
									<div id="product-related-variant<?php echo $product_related_variant['product_id']; ?>"><i class="fa fa-minus-circle"></i> <?php echo $product_related_variant['name']; ?>
										<input type="hidden" name="product-related-variant[]" value="<?php echo $product_related_variant['product_id']; ?>" />
									</div>
								<?php } ?>
							</div>
						</div>
				</div>
				]]></add>
    </operation>        
    <operation>
			<search><![CDATA[</script>]]></search>
				<add position="after" ><![CDATA[
				<script type="text/javascript"><!--
// Related Variants
$('input[name=\'related_variant\']').autocomplete({
	'source': function(request, response) {
		$.ajax({
			url: 'index.php?route=catalog/product/autocomplete&token=<?php echo $token; ?>&filter_name=' +  encodeURIComponent(request),
			dataType: 'json',			
			success: function(json) {
				response($.map(json, function(item) {
					return {
						label: item['name'],
						value: item['product_id']
					}
				}));
			}
		});
	},
	'select': function(item) {
		$('input[name=\'related_variant\']').val('');
		
		$('#product-related-variant' + item['value']).remove();
		
		$('#product-related-variant').append('<div id="product-related-variant' + item['value'] + '"><i class="fa fa-minus-circle"></i> ' + item['label'] + '<input type="hidden" name="product-related-variant[]" value="' + item['value'] + '" /></div>');	
	}	
});

$('#product-related-variant').delegate('.fa-minus-circle', 'click', function() {
	$(this).parent().remove();
});
				//--></script>
			]]></add>
    </operation>
  </file>  
    
	<file path="admin/controller/catalog/product.php">
		$this->load->language('catalog/product');
		<operation>
			<search><![CDATA[$this->load->language('catalog/product');]]></search>
			<add position="after" ><![CDATA[$this->load->language('catalog/variant');]]></add>
		</operation>
		<operation>
			<search><![CDATA[$data['entry_recurring'] = $this->language->get('entry_recurring');]]></search>
			<add position="after" ><![CDATA[
		//related variants
		$data['entry_related_variant_name'] = $this->language->get('entry_related_variant_name');
		$data['entry_related_variant_type'] = $this->language->get('entry_related_variant_type');
		$data['entry_related_variant'] = $this->language->get('entry_related_variant');
		$data['help_related_variant_name'] = $this->language->get('help_related_variant_name');
		$data['help_related_variant'] = $this->language->get('help_related_variant');				
		]]></add>
		</operation>
		<operation>
			<search><![CDATA[if (isset($this->request->post['points'])) {]]></search>
			<add position="before" ><![CDATA[
				$this->load->model('catalog/variant');
	
			$data['related_variants'] = $this->model_catalog_variant->getVariants();
	
			if (isset($this->request->post['related_variant_id'])) {
				$data['related_variant_id'] = $this->request->post['related_variant_id'];
			} elseif (isset($this->request->get['product_id'])) {
				$data['related_variant_id'] = $this->model_catalog_variant->getProductVariant($this->request->get['product_id']);
			} else {
				$data['related_variant_id'] = null;
			}
				
			if (isset($this->request->post['product_related_variants'])) {
				$products = $this->request->post['product_related_variants'];
			} elseif (isset($this->request->get['product_id'])) {
				$products = $this->model_catalog_product->getProductRelatedVariants($this->request->get['product_id']);
			} else {
				$products = array();
			}
			$data['product_related_variants'] = array();
			
			foreach ($products as $product_id) {
				$related_info = $this->model_catalog_product->getProduct($product_id);
	
				if ($related_info) {
					$data['product_related_variants'][] = array(
						'product_id' => $related_info['product_id'],
						'name'       => $related_info['name']
					);
				}
			}
	
	]]></add>
		</operation>
	</file>
    
	<file path="admin/model/catalog/product.php">
		<operation>
				<search><![CDATA[public function getProductRelated($product_id) {]]></search>
				<add position="before" ><![CDATA[
		public function getProductRelatedVariants($product_id) {
			$product_related_data = array();
			
			$query = $this->db->query("SELECT * FROM " . DB_PREFIX . "related_variant_to_product WHERE product_id = '" . (int)$product_id . "'");
			
			foreach ($query->rows as $result) {
				$product_related_data[] = $result['related_id'];
			}
	
			return $product_related_data;
		}
		]]></add>
		</operation>
		<operation>
				<search><![CDATA[$this->db->query("DELETE FROM " . DB_PREFIX . "product_related WHERE product_id = '" . (int)$product_id . "'");]]></search>
				<add position="before" index="1"><![CDATA[				
				
		$group = array($product_id);
		$query = $this->db->query("SELECT * FROM " . DB_PREFIX . "related_variant_to_product WHERE product_id = '" . (int)$product_id . "'");
		foreach ($query->rows as $result) {
			$group[]=$result['related_id'];
		}
		if(isset($data['product-related-variant']))
			$group = array_unique(array_merge($group, $data['product-related-variant']));			
		
		$ids = "('".join("','",$group)."')";
		$query = $this->db->query("DELETE FROM " . DB_PREFIX . "related_variant_to_product WHERE product_id in $ids OR related_id in $ids");								
		
		$group = array($product_id);
		if(isset($data['product-related-variant']))
			$group = array_merge($group, $data['product-related-variant']);
		
		$group = array_unique($group);
		
		if(isset($data['related_variant_id']) && $related_variant_id=$data['related_variant_id']){					
			foreach ($group as $pid){
				foreach ($group as $rid){
					if($pid!=$rid){
						$this->db->query("INSERT INTO " . DB_PREFIX . "related_variant_to_product SET related_variant_id='".(int)$related_variant_id."', product_id='".(int)$pid."', related_id='".(int)$rid."'");
					}
				}
			}				
		}
		]]></add>
		</operation>
		<operation><!-- add -->
				<search><![CDATA[if (isset($data['product_related'])) {]]></search>
				<add position="before" index="1"><![CDATA[				
				
		$group = array($product_id);
		$query = $this->db->query("SELECT * FROM " . DB_PREFIX . "related_variant_to_product WHERE product_id = '" . (int)$product_id . "'");
		foreach ($query->rows as $result) {
			$group[]=$result['related_id'];
		}
		if(isset($data['product-related-variant']))
			$group = array_unique(array_merge($group, $data['product-related-variant']));			
		
		$ids = "('".join("','",$group)."')";
		$query = $this->db->query("DELETE FROM " . DB_PREFIX . "related_variant_to_product WHERE product_id in $ids OR related_id in $ids");								
		
		$group = array($product_id);
		if(isset($data['product-related-variant']))
			$group = array_merge($group, $data['product-related-variant']);
		
		$group = array_unique($group);
		
		if(isset($data['related_variant_id']) && $related_variant_id=$data['related_variant_id']){					
			foreach ($group as $pid){
				foreach ($group as $rid){
					if($pid!=$rid){
						$this->db->query("INSERT INTO " . DB_PREFIX . "related_variant_to_product SET related_variant_id='".(int)$related_variant_id."', product_id='".(int)$pid."', related_id='".(int)$rid."'");
					}
				}
			}				
		}
		]]></add>
		</operation>
	</file>
    
	<file path="admin/language/*/common/column_left.php">
		<operation>
			<search><![CDATA[// Text]]></search>
			<add position="after" ><![CDATA[$_['text_variant']         		= 'Variações';]]></add>
		</operation>
	</file>
		
	<file path="admin/controller/common/column_left.php">
		<operation>
			<search><![CDATA[
				if ($this->user->hasPermission('access', 'catalog/manufacturer')) {
			]]></search>
			<add position="before"><![CDATA[
				// product variants
				if ($this->user->hasPermission('access', 'catalog/variant')) {
					$catalog[] = array(
						'name'	   => $this->language->get('text_variant'),
						'href'     => $this->url->link('catalog/variant', 'token=' . $this->session->data['token'], true),
						'children' => array()		
					);
				}
			]]></add>
		</operation>
	</file>
    
	<file path="catalog/controller/product/product.php">
		<operation>
			<search><![CDATA[$data['tags'] = array();]]></search>
			<add position="before" ><![CDATA[
				
				$this->load->model('catalog/variant');
				
				$data['variants'] = array();
				
				$result = $this->model_catalog_variant->getProductVariant($product_id);
				if($result){
					$result = $this->model_catalog_variant->getRelatedVariantDescriptions($result);            	
					$data['variant_title'] = $result?$result['title']:null;
				}
				
				$results = $this->model_catalog_variant->getProductVariants($product_id);
				
				foreach ($results as $variant) {
				$result = $this->model_catalog_product->getProduct($variant['related_id']);
					
				if ($result['image']) {
					$image = $this->model_tool_image->resize($result['image'], $this->config->get($this->config->get('config_theme') . '_image_related_width'), $this->config->get($this->config->get('config_theme') . '_image_related_height'));
				} else {
					$image = $this->model_tool_image->resize('no-image.png', $this->config->get($this->config->get('config_theme') . '_image_related_width'), $this->config->get($this->config->get('config_theme') . '_image_related_height'));
				}

				$data['variants'][] = array(
					'product_id'  => $result['product_id'],
					'thumb'       => $image,
					'name'        => $result['name'],
					'description' => utf8_substr(strip_tags(html_entity_decode($result['description'], ENT_QUOTES, 'UTF-8')), 0, $this->config->get('config_product_description_length')) . '..',
					'href'        => $this->url->link('product/product', 'product_id=' . $result['product_id'])
				);
			}
					
			]]></add>
		</operation>
	</file>
    
	<file path="catalog/view/theme/default/template/product/product.tpl">
		<operation>
			<search><![CDATA[<div id="product">]]></search>
			<add position="before" ><![CDATA[            
			<?php if($variants){ ?>
				<div class="product-variants">
					<h3><?php echo $variant_title; ?></h3>   
					<?php foreach($variants as $product){ ?>
						<a href="<?php echo $product['href']; ?>"><img src="<?php echo $product['thumb']; ?>" alt="<?php echo $product['name']; ?>" title="<?php echo $product['name']; ?>" class="img-responsive"></a>
						<?php } ?>           
				</div>
			<?php } ?>
			]]></add>
		</operation>
		<operation>
		<search><![CDATA[<?php echo $footer; ?>]]></search>
		<add position="before" ><![CDATA[
		<style>.product-variants h3 {text-transform: capitalize;}.product-variants img {max-width: 60px;display: inline-block;border: 1px solid rgb(219, 219, 219);border-radius: 2px;padding: 1px;}</style>
		]]></add>
		</operation>
	</file>
    
</modification>